customer_id,age,tenure,monthly_charges,total_charges,contract_type,payment_method,churn
cust_0000,56,11,20.948543362849808,1158.8432206080067,one_year,credit_card,1
cust_0001,69,21,25.26838359772286,578.0563001725687,one_year,electronic_check,0
cust_0002,46,26,28.854341061361815,4323.735851180934,one_year,bank_transfer,0
cust_0003,32,25,23.759677320626086,2354.795095993354,two_year,bank_transfer,0
cust_0004,60,22,67.97813268565048,3771.4901922093045,two_year,electronic_check,0
cust_0005,25,59,78.07572072273277,1523.87904305114,two_year,credit_card,0
cust_0006,78,27,47.16869710690041,3956.153661096565,two_year,electronic_check,0
cust_0007,38,49,59.828738397563555,648.4860424054986,month_to_month,electronic_check,1
cust_0008,56,13,29.169933511143014,1844.2695315947783,two_year,electronic_check,1
cust_0009,75,33,53.63704638284221,4892.50290807029,one_year,bank_transfer,1
cust_0010,36,34,72.25191916345231,3990.54961020323,two_year,credit_card,1
cust_0011,40,41,93.22718071846451,2536.554058541972,month_to_month,credit_card,0
cust_0012,28,35,20.334636204297922,1764.909610653237,one_year,electronic_check,0
cust_0013,28,1,66.73107665376526,4373.464930110135,two_year,bank_transfer,0
cust_0014,41,21,49.700287645488224,2769.754019514127,two_year,electronic_check,0
cust_0015,70,48,105.28218216919014,3816.2825875586445,two_year,bank_transfer,1
cust_0016,53,55,91.55533152342419,3795.127633549204,one_year,bank_transfer,0
cust_0017,57,6,78.91085344708948,187.93382498560996,one_year,bank_transfer,1
cust_0018,41,28,47.72656456967736,718.6435356838059,month_to_month,bank_transfer,0
cust_0019,20,17,111.03391020575343,3332.183895334237,one_year,credit_card,0
cust_0020,39,5,24.510067722032318,891.9370753007701,one_year,bank_transfer,0
cust_0021,70,31,30.946759867911517,1351.917388812463,two_year,bank_transfer,0
cust_0022,19,5,59.16301405403561,4738.525975578075,one_year,electronic_check,0
cust_0023,41,38,32.443755729685634,2844.8930660370684,two_year,electronic_check,0
cust_0024,61,3,115.6415697559425,3778.574584296801,two_year,credit_card,1
cust_0025,47,53,99.79893221433834,2834.1056200349353,one_year,electronic_check,0
cust_0026,55,23,45.89826516018137,2807.3167124353536,month_to_month,bank_transfer,0
cust_0027,19,37,78.85542289732454,561.3443596159198,month_to_month,electronic_check,0
cust_0028,77,53,118.23305150800816,1783.9496437846049,one_year,credit_card,0
cust_0029,38,37,108.4198978131503,1483.9114035639075,month_to_month,electronic_check,1
cust_0030,50,10,80.0798446442198,2014.5689915067048,two_year,electronic_check,0
cust_0031,29,10,110.37239671752705,4011.8865222992085,two_year,credit_card,1
cust_0032,75,19,118.91849098133589,1922.470072792638,one_year,credit_card,0
cust_0033,39,17,94.33528228936241,2313.3144142352453,month_to_month,bank_transfer,1
cust_0034,78,21,26.498640948289403,2047.1688133780508,month_to_month,electronic_check,0
cust_0035,61,14,60.15802364254875,557.6990626789484,two_year,bank_transfer,0
cust_0036,42,9,103.78257352832455,2261.25357542884,one_year,electronic_check,0
cust_0037,66,46,43.0569195805019,1058.4854379181236,month_to_month,electronic_check,0
cust_0038,44,1,103.06425177506246,1014.9441492879032,one_year,bank_transfer,0
cust_0039,76,51,32.033876203499595,560.7769117279051,month_to_month,electronic_check,0
cust_0040,59,45,24.6945357147813,1847.6877732946473,two_year,electronic_check,0
cust_0041,45,13,58.40906114912496,3811.661235468145,two_year,electronic_check,0
cust_0042,77,4,23.67319374266136,1454.5642838586407,one_year,credit_card,0
cust_0043,33,1,115.72702629833256,1630.5105992390165,two_year,bank_transfer,1
cust_0044,32,49,102.62056957939659,3249.1058225948755,month_to_month,credit_card,0
cust_0045,79,40,100.07696871298751,1059.6199816759024,two_year,bank_transfer,0
cust_0046,79,32,82.97779229961532,4495.0938590753185,one_year,bank_transfer,0
cust_0047,64,34,41.632402303655354,2648.933563932617,one_year,electronic_check,1
cust_0048,79,28,71.82603666763922,2293.254407569063,one_year,bank_transfer,0
cust_0049,68,31,79.72740724303411,2833.3189404530867,month_to_month,credit_card,0
cust_0050,61,8,72.50315008602682,913.5681357393578,month_to_month,credit_card,1
cust_0051,72,39,46.02333679515273,3106.018379331964,month_to_month,credit_card,1
cust_0052,69,26,71.52479243147259,1879.1936095066512,month_to_month,bank_transfer,0
cust_0053,74,58,69.11863408686266,4496.213070726632,month_to_month,credit_card,0
cust_0054,20,34,119.63357758067242,927.385612720662,two_year,bank_transfer,1
cust_0055,54,54,109.74361480462039,2584.5504089406613,month_to_month,credit_card,0
cust_0056,68,54,66.33807482156199,3030.751883908188,month_to_month,credit_card,0
cust_0057,24,3,82.29373829351186,263.579648753268,two_year,bank_transfer,0
cust_0058,38,59,94.78716040922285,1882.0963113050873,month_to_month,credit_card,1
cust_0059,26,50,23.486516023382492,3689.912650034081,one_year,electronic_check,0
cust_0060,56,12,109.49214412278398,4119.849786499969,month_to_month,bank_transfer,1
cust_0061,35,1,106.01268164179238,1634.4937746046835,month_to_month,bank_transfer,0
cust_0062,21,54,65.74320977737074,4013.107034675481,one_year,bank_transfer,0
cust_0063,42,44,59.11697660803798,4842.003797806606,one_year,electronic_check,0
cust_0064,77,5,47.29593748563149,4298.682286767961,one_year,bank_transfer,0
cust_0065,31,30,67.66768283303684,676.4555419806935,one_year,credit_card,1
cust_0066,67,30,24.437666353323678,3724.678627219149,month_to_month,credit_card,1
cust_0067,75,59,105.21935333470077,1666.3674789586692,one_year,credit_card,0
cust_0068,26,57,23.542236841854507,4943.238348119175,one_year,bank_transfer,0
cust_0069,43,17,52.9051365369871,2478.2590174834468,two_year,credit_card,0
cust_0070,70,48,113.158948831899,699.926101958811,one_year,bank_transfer,0
cust_0071,19,47,93.52126545234528,3653.4091853342147,one_year,credit_card,0
cust_0072,37,23,48.139096057752674,1682.7548720924478,two_year,electronic_check,0
cust_0073,45,15,45.264909396088505,4985.682969700142,two_year,electronic_check,0
cust_0074,64,37,20.508213981802598,4900.934043487157,month_to_month,electronic_check,1
cust_0075,77,21,89.57142928497501,3315.0566883008455,two_year,electronic_check,1
cust_0076,24,14,24.87835816731731,736.1495998634161,month_to_month,bank_transfer,0
cust_0077,61,2,73.2602519400762,3465.6188886076425,two_year,credit_card,1
cust_0078,78,11,116.21219725920498,555.8493836541334,two_year,electronic_check,0
cust_0079,25,51,30.94688600544539,243.88437960172234,month_to_month,bank_transfer,0
cust_0080,64,39,109.44799309680674,4132.496386485282,two_year,electronic_check,0
cust_0081,52,38,119.14753351450481,1127.7894436500387,month_to_month,electronic_check,0
cust_0082,31,34,26.151702623923505,1957.2329184735772,two_year,bank_transfer,0
cust_0083,34,38,108.29062691374612,4869.9412108832485,one_year,bank_transfer,0
cust_0084,53,50,71.60790204436167,1750.5184591194059,two_year,credit_card,1
cust_0085,67,34,110.651371944458,1552.7999282882447,month_to_month,credit_card,1
cust_0086,57,18,77.13189419195741,4599.219198151599,two_year,electronic_check,0
cust_0087,21,30,86.21120101065647,642.6673820628947,month_to_month,electronic_check,1
cust_0088,19,15,74.37789079973993,3821.953809561696,month_to_month,credit_card,0
cust_0089,79,27,106.44928803073485,4941.5212765985925,one_year,credit_card,0
cust_0090,23,51,93.39099189537018,4516.350452795779,one_year,bank_transfer,0
cust_0091,71,34,72.12603121804149,3293.172801661487,month_to_month,credit_card,0
cust_0092,59,52,106.8160804051547,1638.8978954643867,two_year,credit_card,0
cust_0093,21,57,44.52855322553346,1346.177707773752,month_to_month,electronic_check,0
cust_0094,71,38,35.7340659702526,4114.350013870159,month_to_month,credit_card,0
cust_0095,46,33,36.04001053300721,4411.127378363307,two_year,electronic_check,1
cust_0096,35,24,53.40088787452379,2674.631071473895,two_year,credit_card,0
cust_0097,43,15,43.86900313010175,1297.265709853684,two_year,bank_transfer,0
cust_0098,61,30,113.00903505097386,653.4217212147504,two_year,credit_card,0
cust_0099,51,55,30.5834093828584,527.1793923759727,month_to_month,credit_card,0
cust_0100,27,42,89.89907380395877,3623.4794920338923,month_to_month,credit_card,0
cust_0101,79,51,38.92215397850059,2158.581766453852,one_year,electronic_check,1
cust_0102,53,17,108.16371327703501,4536.263383961565,month_to_month,bank_transfer,0
cust_0103,31,5,116.13152881849074,3724.389373561142,two_year,credit_card,0
cust_0104,48,29,66.54700087699835,1037.1760477814748,one_year,electronic_check,0
cust_0105,65,4,107.90714802281316,3107.509352196925,two_year,bank_transfer,0
cust_0106,32,10,20.514517075471478,2233.976726550981,month_to_month,electronic_check,0
cust_0107,25,56,101.99469174081001,2928.523680766204,one_year,electronic_check,0
cust_0108,31,17,42.862516152492354,3716.538704358734,two_year,bank_transfer,1
cust_0109,40,10,110.87013092693678,4050.359816918575,one_year,credit_card,0
cust_0110,77,17,20.11201114801095,4234.312899392949,one_year,electronic_check,0
cust_0111,74,20,75.6181735039757,1344.4768854029212,month_to_month,electronic_check,0
cust_0112,79,24,95.66358037849346,252.46643959505266,two_year,credit_card,0
cust_0113,57,5,45.868833069790796,3722.544202307389,one_year,credit_card,0
cust_0114,38,34,39.31328645872931,621.0842586532955,one_year,bank_transfer,1
cust_0115,33,6,28.409822446798465,1643.1059842035415,two_year,bank_transfer,0
cust_0116,62,53,52.6433576503293,118.70395720930101,one_year,bank_transfer,0
cust_0117,35,2,75.98443123088295,3440.1804637679384,one_year,credit_card,0
cust_0118,64,13,31.584385678025765,918.9468562089842,one_year,electronic_check,0
cust_0119,70,43,57.66953619867988,3310.883807489125,two_year,electronic_check,0
cust_0120,41,43,20.907240465272498,4959.53882412241,two_year,bank_transfer,0
cust_0121,43,48,101.86794204998418,456.0872708890798,two_year,credit_card,0
cust_0122,42,11,32.84487180931914,477.68225856215736,two_year,electronic_check,0
cust_0123,77,51,48.33429482655816,1767.862454066707,month_to_month,bank_transfer,1
cust_0124,77,47,21.842771873821746,4345.293919831576,one_year,electronic_check,0
cust_0125,77,57,63.22407838925123,1156.0963570775261,two_year,electronic_check,0
cust_0126,62,23,104.01215027412188,1865.851317658703,one_year,credit_card,0
cust_0127,58,55,59.21512114451966,435.67649247219987,one_year,credit_card,0
cust_0128,46,16,37.94973234238334,3839.460927168558,month_to_month,electronic_check,0
cust_0129,32,31,95.36988340505192,2100.7010795213105,two_year,bank_transfer,0
cust_0130,62,11,98.88069818707443,3820.31879199813,two_year,credit_card,0
cust_0131,18,54,37.37534753075668,4527.678437299296,one_year,electronic_check,0
cust_0132,42,16,97.08541085409898,1240.539420796315,two_year,credit_card,0
cust_0133,24,8,114.7297888256338,4056.2405486657617,one_year,credit_card,0
cust_0134,26,4,36.637758693227234,389.56006138344105,one_year,credit_card,1
cust_0135,41,40,97.09842925321355,4504.3522020832115,month_to_month,electronic_check,0
cust_0136,18,4,90.85720046026293,3288.765883037862,month_to_month,bank_transfer,0
cust_0137,61,56,67.35738884350886,4383.710948277922,month_to_month,bank_transfer,0
cust_0138,25,25,25.79204605587983,100.9231578272513,one_year,bank_transfer,0
cust_0139,41,3,27.469441775785402,928.4972447443633,two_year,credit_card,0
cust_0140,28,32,105.24146591986477,2009.8209983898112,month_to_month,electronic_check,0
cust_0141,68,3,119.0148372750647,1959.5642265361212,two_year,credit_card,1
cust_0142,34,27,87.60522571867544,1210.9788763252022,month_to_month,bank_transfer,0
cust_0143,25,29,64.59583070103214,1969.8985053492804,month_to_month,bank_transfer,0
cust_0144,52,32,84.75736434019076,731.3586888012486,one_year,electronic_check,0
cust_0145,52,50,79.43958592285453,2122.5295334035277,month_to_month,credit_card,0
cust_0146,50,58,58.36122604056218,4031.5362128803945,month_to_month,bank_transfer,0
cust_0147,76,51,26.562614457401295,2447.443309206421,one_year,electronic_check,1
cust_0148,22,19,102.15129474074409,188.20043583155345,two_year,credit_card,0
cust_0149,59,21,57.18335292387246,2165.0758037383125,month_to_month,credit_card,1
cust_0150,56,5,101.87856433570937,233.15757884513638,one_year,bank_transfer,1
cust_0151,75,18,45.25087496883822,4834.592712463311,month_to_month,bank_transfer,1
cust_0152,58,28,20.10294798456334,724.524401172058,one_year,credit_card,0
cust_0153,45,42,35.89382832767565,3567.672799020032,two_year,credit_card,0
cust_0154,24,22,66.85394167685844,4866.60398217122,two_year,bank_transfer,0
cust_0155,26,21,114.43036349578298,4147.591353166202,one_year,credit_card,0
cust_0156,25,6,30.2193619693719,3526.645338118398,one_year,bank_transfer,0
cust_0157,29,1,105.4209774461566,4213.358456553758,one_year,credit_card,1
cust_0158,51,5,72.7024096211862,4910.813596977076,two_year,bank_transfer,0
cust_0159,50,41,102.59207657998967,3144.588036542295,month_to_month,electronic_check,0
cust_0160,65,12,49.83744309899926,2840.0055534637,two_year,bank_transfer,0
cust_0161,72,26,103.99471646724719,3178.366741270079,one_year,bank_transfer,0
cust_0162,40,46,97.28227800168045,2710.1118451316192,one_year,electronic_check,0
cust_0163,79,34,43.00536830314339,3211.936618957622,two_year,credit_card,1
cust_0164,41,49,33.13351264093781,2304.2268190655404,one_year,electronic_check,0
cust_0165,54,14,106.80543225322928,1170.3715961282048,two_year,bank_transfer,1
cust_0166,52,26,116.3236653440132,689.2114099072106,one_year,credit_card,1
cust_0167,61,45,23.130231374751624,434.87058410807595,month_to_month,electronic_check,1
cust_0168,57,27,93.12700669736856,1390.2473403906804,month_to_month,credit_card,0
cust_0169,39,9,110.95245109478184,326.0054652450958,one_year,credit_card,1
cust_0170,44,26,105.73600920924986,2879.1368216049896,two_year,electronic_check,0
cust_0171,52,57,116.45204722702086,1490.7593904152493,month_to_month,credit_card,0
cust_0172,18,47,96.00940784380971,4140.2205596264575,two_year,electronic_check,0
cust_0173,52,57,64.22987623809102,463.78027764309354,one_year,bank_transfer,0
cust_0174,54,22,51.19519904951304,1209.122322273281,two_year,credit_card,0
cust_0175,64,47,52.07427404381274,3678.206120741715,month_to_month,bank_transfer,0
cust_0176,31,56,92.4422672614117,3034.160652279108,two_year,bank_transfer,0
cust_0177,20,30,94.58370120309642,416.00722912092095,two_year,credit_card,1
cust_0178,18,43,40.03591435487127,4398.473340094782,one_year,electronic_check,0
cust_0179,22,48,106.8122813490531,4398.58263784828,one_year,credit_card,0
cust_0180,43,17,91.49240402022477,1718.9992189912919,one_year,bank_transfer,0
cust_0181,72,26,76.27502863433827,1767.988632412867,month_to_month,bank_transfer,0
cust_0182,31,36,67.15324601025127,4946.238955915852,month_to_month,electronic_check,1
cust_0183,56,1,74.32328057899582,3168.2632408063773,one_year,credit_card,0
cust_0184,44,8,35.924573827926444,2703.4509507834896,one_year,bank_transfer,0
cust_0185,26,49,40.37012492762742,4206.945699404429,month_to_month,bank_transfer,0
cust_0186,32,35,29.116449040619166,1497.9226579508504,month_to_month,bank_transfer,1
cust_0187,32,52,35.36580381611127,2202.9947076421486,month_to_month,electronic_check,0
cust_0188,43,15,65.36936346052826,1412.1057098928375,month_to_month,bank_transfer,1
cust_0189,59,47,73.0354393728256,3966.888148284784,one_year,bank_transfer,0
cust_0190,77,56,21.78618924783194,2909.411793612568,month_to_month,credit_card,0
cust_0191,30,22,99.67978278640275,3328.2428436863456,one_year,credit_card,0
cust_0192,68,14,49.41679733434779,1336.3055242130922,two_year,bank_transfer,1
cust_0193,49,26,111.18360349599111,1179.103976748844,two_year,bank_transfer,0
cust_0194,56,28,116.75112636137777,2493.0356820163997,month_to_month,credit_card,0
cust_0195,66,23,38.54588746766544,3714.0721705548513,two_year,electronic_check,0
cust_0196,69,14,66.20972907656606,2673.674811848785,two_year,electronic_check,0
cust_0197,78,24,20.123183516642587,259.96381997377614,two_year,electronic_check,0
cust_0198,49,2,79.8327265122427,4355.902380969415,month_to_month,electronic_check,1
cust_0199,21,45,80.73064482626712,416.9657782241447,month_to_month,electronic_check,0
cust_0200,47,26,44.753995560337515,4783.539970231686,two_year,electronic_check,0
cust_0201,54,14,75.84126725831979,223.19559555863634,one_year,electronic_check,1
cust_0202,40,59,42.55401424437354,3502.807235040473,two_year,electronic_check,0
cust_0203,56,56,36.08254690781901,502.8146121877301,month_to_month,credit_card,0
cust_0204,62,51,85.15194668022647,4562.315239232184,month_to_month,electronic_check,0
cust_0205,32,7,52.59254639520749,2375.7228575051595,month_to_month,electronic_check,0
cust_0206,60,3,79.02639388856224,773.8664966033754,two_year,electronic_check,0
cust_0207,46,47,63.32467489716556,1769.9969289702483,one_year,bank_transfer,0
cust_0208,53,23,118.4351407402904,907.640909199134,month_to_month,credit_card,0
cust_0209,30,46,34.95806426675658,935.851366629741,month_to_month,credit_card,0
cust_0210,49,43,66.45985966358101,4745.730768840067,two_year,credit_card,1
cust_0211,24,47,88.04566263593253,2281.705950195462,one_year,electronic_check,1
cust_0212,76,45,59.55450838799687,3965.131093136262,two_year,electronic_check,1
cust_0213,68,18,117.46998518706899,3234.067249770641,month_to_month,bank_transfer,1
cust_0214,39,58,92.18876279269351,3414.489175458122,one_year,credit_card,0
cust_0215,45,38,85.69838575644931,745.2978485129887,one_year,electronic_check,1
cust_0216,19,35,95.70592676112233,1247.5037893958797,month_to_month,credit_card,0
cust_0217,59,51,115.2648638038717,3955.076642256741,one_year,bank_transfer,0
cust_0218,62,15,110.78186529846401,4856.754411726436,one_year,bank_transfer,0
cust_0219,79,25,92.42853081264118,1387.1106487333934,two_year,bank_transfer,0
cust_0220,74,55,94.9161639101283,1430.6869472800954,month_to_month,credit_card,1
cust_0221,70,37,34.59220740351454,2417.1959507734337,month_to_month,electronic_check,1
cust_0222,23,28,30.27924044926657,4920.817532991646,month_to_month,electronic_check,0
cust_0223,45,10,77.09045018441643,1417.8988345497082,month_to_month,bank_transfer,1
cust_0224,45,39,21.836763694054,2094.162357207893,month_to_month,electronic_check,0
cust_0225,61,57,68.23563815515915,4468.2520765551835,one_year,bank_transfer,0
cust_0226,61,17,41.03495799188686,114.31305984467383,two_year,credit_card,0
cust_0227,37,39,54.601656764483955,294.85322844399076,month_to_month,bank_transfer,0
cust_0228,47,22,97.5804735792956,3059.9512176489743,two_year,credit_card,1
cust_0229,79,26,114.12375042323865,4546.16280709295,two_year,bank_transfer,1
cust_0230,28,44,27.24162721463415,1270.3976359694454,one_year,electronic_check,1
cust_0231,75,25,73.4242205976445,2401.2446959354743,month_to_month,electronic_check,0
cust_0232,72,17,108.25334858196,2307.27997812331,one_year,bank_transfer,1
cust_0233,45,13,28.25085344404213,2417.5595958679996,month_to_month,electronic_check,0
cust_0234,42,20,102.45140468968339,3150.3465090757513,one_year,electronic_check,1
cust_0235,56,25,55.78013509282714,2401.7444386543502,two_year,electronic_check,0
cust_0236,79,4,52.209470221933536,2292.5938924800435,month_to_month,credit_card,0
cust_0237,50,10,117.74663863147858,2424.0132601131763,two_year,electronic_check,0
cust_0238,18,3,40.08590898622942,2995.2504622281035,two_year,credit_card,0
cust_0239,74,41,89.31939408226809,2731.336692921656,one_year,bank_transfer,0
cust_0240,44,45,102.14407280098665,4285.266388487471,month_to_month,electronic_check,0
cust_0241,79,18,24.11834952792717,342.5345821189664,two_year,electronic_check,0
cust_0242,74,47,87.03854583544123,4183.253650217761,one_year,electronic_check,0
cust_0243,69,36,115.15499743553269,4235.230601797448,month_to_month,bank_transfer,0
cust_0244,30,47,32.42199667280593,1496.0493055017082,month_to_month,credit_card,0
cust_0245,58,22,109.62213026850382,2367.974579577668,two_year,credit_card,0
cust_0246,20,34,79.4776637376936,2248.838593833434,month_to_month,electronic_check,0
cust_0247,56,47,81.6604581862474,1170.6981883352385,two_year,bank_transfer,0
cust_0248,23,8,81.29441748656059,2044.3045507229506,month_to_month,bank_transfer,1
cust_0249,25,40,49.883588633731385,317.5000836371867,one_year,bank_transfer,1
cust_0250,44,49,113.52018152994597,1461.3281566304986,two_year,bank_transfer,0
cust_0251,26,44,114.73504626310387,4101.742659708519,two_year,bank_transfer,1
cust_0252,79,19,82.53046602139479,1494.355278638198,month_to_month,credit_card,1
cust_0253,54,42,98.34227259416147,4109.212676866413,month_to_month,credit_card,1
cust_0254,50,41,81.2257985881158,2704.837376561711,two_year,credit_card,0
cust_0255,68,37,68.43984475740406,4411.327119069684,month_to_month,electronic_check,0
cust_0256,59,6,86.08201182992507,2916.419815895634,one_year,bank_transfer,0
cust_0257,61,52,75.30014525919584,245.3742930172251,month_to_month,electronic_check,0
cust_0258,41,26,79.74758626319301,3409.559016980737,one_year,bank_transfer,0
cust_0259,32,34,98.3832553418862,319.78248331548645,one_year,credit_card,0
cust_0260,76,59,68.09038314489848,2307.9253930173563,one_year,electronic_check,1
cust_0261,71,56,24.075410609247278,4654.190802918259,one_year,credit_card,1
cust_0262,49,59,36.39994809894972,909.4993027554658,one_year,bank_transfer,0
cust_0263,49,45,63.860721648953835,2010.374529413566,month_to_month,bank_transfer,0
cust_0264,41,6,92.48265598740583,3676.315513357544,one_year,bank_transfer,0
cust_0265,58,37,79.32786483101788,4423.066924864754,month_to_month,credit_card,1
cust_0266,69,57,85.02941858734539,3387.6207232382885,one_year,bank_transfer,0
cust_0267,66,33,67.92789285762873,1365.0489455367292,two_year,credit_card,0
cust_0268,79,53,81.57420219422428,3405.578479289459,one_year,electronic_check,0
cust_0269,66,22,52.90174378146622,1553.965441410041,two_year,bank_transfer,0
cust_0270,75,21,67.0182592696665,3620.303226111803,one_year,bank_transfer,0
cust_0271,69,6,94.42790655949555,4774.762325166699,one_year,bank_transfer,0
cust_0272,29,6,107.18327789731212,3634.8279104208127,one_year,electronic_check,1
cust_0273,79,55,63.36553339563889,4328.1144642708205,two_year,bank_transfer,1
cust_0274,56,48,24.366165770736117,110.30883156182873,two_year,credit_card,1
cust_0275,19,4,36.167254414680265,3616.1034111848126,one_year,credit_card,1
cust_0276,20,30,22.08611392915381,4164.9790286397265,month_to_month,bank_transfer,0
cust_0277,66,11,85.32630192373301,298.73781396893895,one_year,bank_transfer,0
cust_0278,54,30,53.23146253551089,4370.82886371233,two_year,electronic_check,1
cust_0279,66,31,74.24786357193675,1357.8017187192247,one_year,electronic_check,1
cust_0280,73,24,69.32768467837995,3359.9312996924705,two_year,electronic_check,0
cust_0281,34,55,28.152648955242668,4021.7389072146925,two_year,bank_transfer,0
cust_0282,76,9,60.32613611238318,3347.056113990842,two_year,electronic_check,0
cust_0283,66,55,42.05611249223233,552.1954811589604,one_year,electronic_check,0
cust_0284,19,3,61.83997886676527,3021.975442415805,two_year,credit_card,0
cust_0285,19,51,40.35782803422427,2792.9599179385036,two_year,electronic_check,0
cust_0286,45,31,104.04524062769335,4511.57421356393,one_year,credit_card,0
cust_0287,71,40,37.41933365782536,2080.774675256625,two_year,credit_card,0
cust_0288,40,37,116.0780551486977,1673.2973757265456,one_year,electronic_check,1
cust_0289,54,36,61.59073661469408,3774.2687457386846,two_year,credit_card,0
cust_0290,49,24,104.62452920190493,2122.1090978086436,month_to_month,bank_transfer,0
cust_0291,50,31,82.8764818205945,3265.8712575248087,month_to_month,bank_transfer,0
cust_0292,18,6,93.53502986657526,3267.605441610574,two_year,electronic_check,1
cust_0293,36,2,96.77238880667802,4451.391415364577,month_to_month,bank_transfer,0
cust_0294,79,20,70.48448818930179,3033.592771363577,one_year,credit_card,1
cust_0295,19,28,74.33005233632883,2560.5526888137356,month_to_month,bank_transfer,0
cust_0296,70,11,71.3995867808725,780.4694993429333,two_year,electronic_check,1
cust_0297,61,4,78.80583780900793,667.1142727256563,two_year,electronic_check,1
cust_0298,43,15,22.93944457565073,856.175669887089,one_year,credit_card,0
cust_0299,49,6,59.551516984901525,942.0575585027631,two_year,electronic_check,0
cust_0300,23,54,80.61887135611715,3225.597754051806,one_year,bank_transfer,0
cust_0301,49,49,79.77235652558643,3730.8081263454346,month_to_month,electronic_check,0
cust_0302,72,30,99.29560946056316,2696.9584623394517,month_to_month,credit_card,0
cust_0303,21,56,85.50093388321085,4162.186889472906,one_year,electronic_check,0
cust_0304,72,38,119.21333163406723,4957.189810994802,one_year,bank_transfer,0
cust_0305,28,51,48.385452860864504,4118.061882684845,two_year,credit_card,0
cust_0306,73,57,55.915102966623145,3504.9236310122,month_to_month,bank_transfer,0
cust_0307,76,2,58.38471518677963,2709.2142272420183,one_year,credit_card,0
cust_0308,34,15,66.58128070202486,2299.38005120607,month_to_month,electronic_check,0
cust_0309,55,11,103.59980637812095,513.5226646682574,one_year,credit_card,0
cust_0310,41,8,43.579209395920984,2056.9068671339855,month_to_month,credit_card,0
cust_0311,22,26,97.60002070354295,4559.659720232457,two_year,electronic_check,0
cust_0312,69,51,60.53101830857434,4059.3108865421095,month_to_month,bank_transfer,1
cust_0313,51,45,80.18553836620086,1158.6516885572673,month_to_month,electronic_check,0
cust_0314,23,44,83.25405332263061,2386.378145016358,month_to_month,credit_card,0
cust_0315,39,5,57.28486371889345,4101.943692536868,month_to_month,electronic_check,0
cust_0316,28,6,71.26152052058052,430.18431844906036,month_to_month,credit_card,1
cust_0317,65,26,61.3031174647697,1998.2236697764306,two_year,electronic_check,1
cust_0318,33,54,26.913278618661945,4274.022060682343,one_year,electronic_check,1
cust_0319,50,4,63.71653888168265,2079.0995344336066,month_to_month,bank_transfer,0
cust_0320,26,19,29.73933925535522,480.31175918406024,two_year,credit_card,0
cust_0321,77,20,60.50207990803215,2758.4184058080323,month_to_month,bank_transfer,0
cust_0322,76,33,79.29183998317818,4322.538225099647,month_to_month,credit_card,0
cust_0323,23,20,77.94148993435007,2992.3991604704825,one_year,electronic_check,1
cust_0324,33,49,86.26212790083204,1208.767630249736,month_to_month,credit_card,0
cust_0325,46,12,29.52615079546263,1982.7741386731686,two_year,bank_transfer,1
cust_0326,20,47,85.21232455304379,2305.6044697914676,two_year,bank_transfer,0
cust_0327,37,1,51.214805669644704,2938.4051337205815,one_year,bank_transfer,1
cust_0328,77,26,59.90459461371111,3820.8200261878037,month_to_month,credit_card,0
cust_0329,76,14,105.79862539227058,584.4807264391135,two_year,bank_transfer,0
cust_0330,53,38,20.903040412955026,4459.294961786075,month_to_month,bank_transfer,0
cust_0331,36,37,78.84126333406054,160.31754477877038,month_to_month,bank_transfer,0
cust_0332,43,11,79.87139801001075,1913.2564399038506,month_to_month,electronic_check,0
cust_0333,20,36,59.665977634356196,234.3595188660225,one_year,electronic_check,1
cust_0334,36,13,43.702785710833616,2025.5737041919272,month_to_month,credit_card,0
cust_0335,37,43,43.467403826155106,2676.4817344792864,two_year,credit_card,0
cust_0336,49,3,108.37096696607526,2607.2387942494074,month_to_month,bank_transfer,0
cust_0337,24,33,64.20243737828575,911.5789004385002,two_year,electronic_check,0
cust_0338,69,6,53.08893629891719,3264.1284994685,month_to_month,bank_transfer,1
cust_0339,58,50,64.8777573831403,319.4144074728743,two_year,bank_transfer,1
cust_0340,50,56,86.93904014593613,3833.3434186488353,two_year,electronic_check,1
cust_0341,57,10,34.57565682447517,4738.557726568377,month_to_month,electronic_check,1
cust_0342,56,5,64.94338352137378,1764.8672530404776,month_to_month,electronic_check,1
cust_0343,35,23,78.78843711103869,2634.4729704002266,two_year,credit_card,0
cust_0344,57,10,114.85833548514337,1956.6603624881905,one_year,credit_card,1
cust_0345,18,44,45.25277820754192,132.88091248989377,month_to_month,bank_transfer,0
cust_0346,28,2,55.92507479162455,1990.785064186068,one_year,credit_card,0
cust_0347,45,13,57.93585899224238,3979.4292703805977,month_to_month,electronic_check,0
cust_0348,74,40,80.55381576448828,3020.345326699061,month_to_month,electronic_check,1
cust_0349,42,2,55.67320530400016,596.1735816142788,month_to_month,credit_card,1
cust_0350,67,20,73.35119252996957,4250.983499499547,month_to_month,bank_transfer,0
cust_0351,40,1,98.17903298450294,2702.31818993769,one_year,bank_transfer,1
cust_0352,48,37,90.53855941122036,4224.444472548913,month_to_month,credit_card,1
cust_0353,47,9,64.63686465125856,2943.085442046644,two_year,bank_transfer,0
cust_0354,59,17,106.42161776741689,2842.4733797059052,two_year,bank_transfer,0
cust_0355,52,9,75.81402495938629,615.7700074653607,one_year,bank_transfer,1
cust_0356,24,11,73.99058395022125,920.062692379277,month_to_month,electronic_check,0
cust_0357,77,15,23.41877659391582,4862.9237568332965,two_year,electronic_check,0
cust_0358,33,24,118.66929803571615,1219.5850590983766,one_year,credit_card,0
cust_0359,43,38,32.29708085296267,4889.515378152802,month_to_month,electronic_check,0
cust_0360,65,55,43.11309124276466,2706.3722619688906,two_year,bank_transfer,1
cust_0361,74,35,25.169683724152698,765.3663306132919,two_year,electronic_check,0
cust_0362,69,30,84.00029668369137,586.5807934930955,one_year,credit_card,1
cust_0363,77,31,42.470117697268,1123.433946458126,month_to_month,electronic_check,1
cust_0364,66,49,38.00104374727235,4635.622917124146,month_to_month,bank_transfer,1
cust_0365,19,5,28.85555842232414,2129.336099208311,two_year,bank_transfer,0
cust_0366,18,44,30.330895712401567,2037.6279131652805,two_year,credit_card,0
cust_0367,65,50,78.46707004425888,1634.7106792438526,two_year,electronic_check,0
cust_0368,79,14,88.82078658665954,820.6030677762831,month_to_month,electronic_check,0
cust_0369,29,53,59.7378988464401,2490.4708662427915,one_year,electronic_check,1
cust_0370,22,56,67.98970815920732,737.2341343045796,one_year,bank_transfer,0
cust_0371,54,11,88.59677359829841,4193.853158273405,month_to_month,credit_card,0
cust_0372,49,9,21.737979018547964,1914.9452327490017,one_year,electronic_check,0
cust_0373,76,34,52.31306570702785,1936.5374821308021,two_year,bank_transfer,1
cust_0374,72,12,117.30977480703464,2422.631499567464,one_year,bank_transfer,1
cust_0375,26,35,78.01122296954681,2276.225794512183,one_year,bank_transfer,0
cust_0376,58,35,45.422457989749326,4974.804067990675,one_year,electronic_check,1
cust_0377,52,1,72.17300466362131,2772.3674939696825,two_year,electronic_check,0
cust_0378,36,40,54.26534881209153,532.1883485703664,month_to_month,electronic_check,0
cust_0379,65,22,73.22449888262992,3073.698973726957,two_year,electronic_check,1
cust_0380,33,29,32.574151180664884,842.7630350624117,month_to_month,electronic_check,0
cust_0381,20,8,33.27146538192774,251.59445918357568,month_to_month,electronic_check,1
cust_0382,37,11,34.35423620393929,4856.636553018516,month_to_month,electronic_check,0
cust_0383,41,41,113.98197919268418,3890.340568519363,one_year,electronic_check,0
cust_0384,71,37,93.28989183413418,4902.534062827458,one_year,electronic_check,1
cust_0385,73,14,36.238189466232086,2441.604395308988,month_to_month,bank_transfer,0
cust_0386,50,30,38.83490837656014,2708.061902629983,month_to_month,electronic_check,1
cust_0387,41,35,93.08294748708764,924.8510840037382,one_year,credit_card,1
cust_0388,69,21,35.616384479217395,1309.8463906711693,two_year,bank_transfer,0
cust_0389,28,37,43.45612933348286,4208.891153023858,month_to_month,electronic_check,0
cust_0390,66,5,116.3346832820399,1845.3096708762114,two_year,credit_card,0
cust_0391,25,19,45.53065247284319,4151.393371602453,one_year,electronic_check,0
cust_0392,53,59,86.16323503711467,3574.1672490064557,month_to_month,credit_card,0
cust_0393,55,14,117.86312874005304,968.137533832141,two_year,credit_card,0
cust_0394,57,26,57.42967671397926,2586.4871939867367,two_year,credit_card,0
cust_0395,37,4,21.751599086206223,3419.1978754417123,two_year,credit_card,0
cust_0396,79,25,44.414729042237425,1251.682352538743,one_year,bank_transfer,1
cust_0397,52,45,103.08771913417054,4170.373701548377,one_year,bank_transfer,1
cust_0398,65,42,106.46088359550367,2769.6555219714155,two_year,credit_card,1
cust_0399,79,25,96.85193645237912,909.6860471687557,two_year,electronic_check,0
cust_0400,42,18,31.310981907657304,2956.623688206552,one_year,credit_card,1
cust_0401,52,40,99.55103716964031,4998.597640363979,two_year,bank_transfer,0
cust_0402,42,8,111.86777969935042,837.5553091507264,two_year,electronic_check,1
cust_0403,46,39,80.06095425462361,4102.108957585688,one_year,bank_transfer,1
cust_0404,35,40,114.08753563380648,1115.814115619034,two_year,bank_transfer,0
cust_0405,63,14,102.68388837118775,3933.7028143544276,two_year,electronic_check,0
cust_0406,35,32,86.69715169909072,3699.431823294925,two_year,credit_card,1
cust_0407,19,51,77.71852367117482,1572.3979894421186,one_year,credit_card,1
cust_0408,71,38,54.85736672419705,1696.533276065804,two_year,credit_card,1
cust_0409,52,33,35.92874452428051,3983.354820618304,one_year,credit_card,0
cust_0410,33,23,80.49539226905408,2361.083008247832,one_year,electronic_check,0
cust_0411,78,15,51.81115536181195,3681.008340687863,month_to_month,electronic_check,0
cust_0412,58,33,106.64386675276454,825.1223220925904,month_to_month,electronic_check,1
cust_0413,53,25,119.33369373586285,4277.533131317612,two_year,bank_transfer,0
cust_0414,50,17,95.24277626155725,3583.3351117433635,one_year,electronic_check,1
cust_0415,21,33,29.048169528705074,4544.019763290687,month_to_month,credit_card,0
cust_0416,50,47,48.86855955306381,748.624657271365,two_year,bank_transfer,0
cust_0417,31,55,30.910963176574974,3005.7710517669284,month_to_month,credit_card,0
cust_0418,38,2,85.05116477917157,3035.6908666975933,month_to_month,credit_card,1
cust_0419,65,14,96.51908645557846,1831.957628679234,one_year,electronic_check,0
cust_0420,37,53,112.56748308807119,2346.485480389363,one_year,electronic_check,0
cust_0421,73,40,63.817234641198766,286.109660120282,month_to_month,credit_card,0
cust_0422,25,40,110.13756495884444,3754.714189272359,month_to_month,credit_card,0
cust_0423,24,51,107.78911590413276,2791.680149075553,one_year,bank_transfer,0
cust_0424,20,39,51.71957167653986,382.93115415895153,two_year,electronic_check,1
cust_0425,34,51,106.8900625540571,3435.703875506379,one_year,bank_transfer,0
cust_0426,50,6,57.56722518817265,2387.232178432821,month_to_month,bank_transfer,0
cust_0427,65,6,49.68692745602808,268.8601711825,two_year,bank_transfer,1
cust_0428,29,3,84.90746587943931,4851.077861555667,month_to_month,credit_card,1
cust_0429,76,7,52.83812278850811,4750.6495011382585,two_year,bank_transfer,0
cust_0430,68,51,83.02087483291442,2613.221839121268,month_to_month,bank_transfer,0
cust_0431,39,8,80.98318054986946,558.9948614589599,two_year,credit_card,1
cust_0432,72,42,76.34389273484588,3797.6439858330996,two_year,electronic_check,1
cust_0433,39,52,58.04197042327977,2510.4623905180724,month_to_month,electronic_check,1
cust_0434,63,15,74.84997216514768,1581.9926436179614,two_year,bank_transfer,0
cust_0435,47,47,79.64854749854216,2507.949069889928,one_year,credit_card,0
cust_0436,55,29,74.56868884954734,2659.976312486776,month_to_month,electronic_check,1
cust_0437,55,33,64.44194527512015,2857.287325209462,one_year,bank_transfer,0
cust_0438,62,52,21.46670570462638,2261.9961969111,month_to_month,bank_transfer,0
cust_0439,68,30,78.7061707701151,3068.200985381378,two_year,credit_card,1
cust_0440,71,39,36.844438514271964,4601.800081971249,two_year,bank_transfer,0
cust_0441,25,27,84.25759689471896,1875.1136267830966,two_year,electronic_check,0
cust_0442,44,36,95.9344327922866,3656.0106697777505,month_to_month,credit_card,0
cust_0443,44,29,70.04453091307414,4482.817528438738,one_year,electronic_check,0
cust_0444,51,38,74.23636649797383,2334.298451223691,one_year,electronic_check,0
cust_0445,38,57,115.14785596659911,2272.93359827133,month_to_month,electronic_check,1
cust_0446,47,33,104.71673613725741,3050.37322823842,month_to_month,bank_transfer,0
cust_0447,50,37,111.42365159514699,2997.8931211701915,one_year,bank_transfer,0
cust_0448,45,27,101.37662883195864,4052.287777398757,one_year,electronic_check,1
cust_0449,64,55,30.891834184673144,2434.7685805136343,one_year,electronic_check,0
cust_0450,50,33,34.89918559701947,4981.002453233262,one_year,credit_card,0
cust_0451,22,4,72.66237972689596,391.41068744967583,month_to_month,credit_card,1
cust_0452,77,22,44.60696587979982,115.52245804543851,month_to_month,bank_transfer,1
cust_0453,78,2,67.66954750411591,3236.9717266421567,two_year,bank_transfer,0
cust_0454,65,10,59.43653238183502,1562.3310705731958,one_year,credit_card,1
cust_0455,36,5,74.94142384304533,1277.8737046274707,two_year,electronic_check,0
cust_0456,21,59,94.68757161358226,1628.3054920209743,month_to_month,bank_transfer,1
cust_0457,52,10,91.54909070992744,1354.633069014276,month_to_month,electronic_check,0
cust_0458,66,33,72.12341324853344,250.87124333619445,two_year,credit_card,1
cust_0459,34,54,102.23934188170581,4860.511907713884,one_year,bank_transfer,0
cust_0460,61,38,63.08620915380333,1181.6528934186306,one_year,bank_transfer,0
cust_0461,45,13,109.67142898401224,3696.745836687601,one_year,credit_card,0
cust_0462,47,31,27.12802700551639,3836.722334001459,one_year,bank_transfer,0
cust_0463,46,47,115.46600300333074,4653.3612502354235,two_year,credit_card,1
cust_0464,63,36,85.46930814313482,249.69233975756185,two_year,bank_transfer,0
cust_0465,70,45,58.00745089372053,4373.036858390337,month_to_month,credit_card,0
cust_0466,23,24,39.715412657287736,2683.408286115021,one_year,bank_transfer,0
cust_0467,52,52,67.91832294435999,3199.4661388325567,one_year,electronic_check,0
cust_0468,77,56,39.4558323185301,3257.904357893065,one_year,electronic_check,1
cust_0469,58,15,36.63316077431421,4117.009244425165,two_year,electronic_check,1
cust_0470,54,29,81.73517574129743,1733.6958785796414,one_year,bank_transfer,0
cust_0471,41,8,72.30847245817847,3691.950830313968,two_year,bank_transfer,1
cust_0472,46,5,87.00960346109417,2690.032737638766,one_year,electronic_check,1
cust_0473,66,29,112.96058774219892,3987.630670096204,one_year,electronic_check,0
cust_0474,63,47,73.22602133390401,4953.6755605736535,month_to_month,credit_card,0
cust_0475,70,4,78.09320532627977,1083.18998527843,one_year,credit_card,1
cust_0476,48,12,28.962633915494212,4973.7783436439895,one_year,credit_card,0
cust_0477,52,45,91.76357859086295,540.0795559855926,month_to_month,electronic_check,1
cust_0478,77,2,59.99052068041562,111.35598473358795,two_year,electronic_check,0
cust_0479,50,27,117.67252386625789,316.3934872713732,two_year,electronic_check,0
cust_0480,69,31,102.31740155956602,1774.7337832101323,one_year,credit_card,0
cust_0481,78,51,72.24810405161183,3201.2410203243276,two_year,bank_transfer,0
cust_0482,38,51,32.322265417216606,438.24475035046316,one_year,electronic_check,1
cust_0483,49,36,105.94157932805892,127.76249119487963,month_to_month,bank_transfer,0
cust_0484,40,36,99.97810954240217,4691.746039448094,month_to_month,bank_transfer,0
cust_0485,50,26,38.4585129537033,4127.440516105656,one_year,bank_transfer,1
cust_0486,20,43,49.527828922031006,4064.9975385812522,month_to_month,credit_card,0
cust_0487,35,27,99.34072581478372,4433.678949959688,month_to_month,bank_transfer,0
cust_0488,42,5,38.522844654740965,3530.1679365833115,one_year,electronic_check,1
cust_0489,59,20,111.77524891713773,611.580235765599,one_year,credit_card,1
cust_0490,48,11,62.45274251963619,2055.590921561243,month_to_month,electronic_check,0
cust_0491,71,10,28.703896258765866,3643.4324836766846,two_year,electronic_check,0
cust_0492,75,40,101.57486435042809,1473.6388578784524,two_year,credit_card,0
cust_0493,20,38,57.35096830383876,3468.291184267564,one_year,electronic_check,0
cust_0494,57,6,72.6499194153781,220.04239651149652,one_year,electronic_check,0
cust_0495,63,8,31.23043444112192,1600.0729703100067,two_year,credit_card,0
cust_0496,41,23,20.25840148449824,2790.7386477581463,month_to_month,electronic_check,0
cust_0497,67,47,83.79852057932976,3197.240164580587,two_year,bank_transfer,0
cust_0498,49,26,71.51751703337317,2927.499255863363,two_year,electronic_check,0
cust_0499,64,46,79.35385691231471,3519.0057527598046,two_year,bank_transfer,0
cust_0500,39,43,99.37438503805163,129.83486637521145,two_year,electronic_check,1
cust_0501,40,12,84.66059134228601,594.6118798898553,one_year,credit_card,1
cust_0502,19,26,37.47734428273772,4357.826836167811,one_year,credit_card,0
cust_0503,44,13,56.07725191105998,3440.56835604179,month_to_month,electronic_check,0
cust_0504,59,40,110.58911047877604,653.3650491614554,month_to_month,credit_card,0
cust_0505,19,18,96.9944700251679,4226.164743253038,month_to_month,electronic_check,0
cust_0506,43,25,75.66370579367172,1286.932967340378,month_to_month,credit_card,0
cust_0507,34,33,45.56449978092723,2443.473432556595,two_year,bank_transfer,0
cust_0508,57,47,50.206050183479505,811.4629131348354,one_year,electronic_check,0
cust_0509,50,40,93.19580675856345,3579.5392764663625,one_year,bank_transfer,1
cust_0510,26,43,105.11742608527709,3367.5866629699126,month_to_month,bank_transfer,0
cust_0511,60,12,87.14246695306144,1134.4511087140672,month_to_month,electronic_check,0
cust_0512,71,44,100.95299757684418,4330.663757599309,two_year,bank_transfer,1
cust_0513,65,36,96.6656135200406,2066.3995186765897,two_year,electronic_check,0
cust_0514,56,48,34.97039679569577,1533.323946246635,month_to_month,bank_transfer,0
cust_0515,46,4,62.3944812913302,846.4149883762237,one_year,electronic_check,0
cust_0516,59,5,35.29838008285627,1404.2232613261335,one_year,electronic_check,0
cust_0517,72,56,43.52355848019848,207.9319139967033,one_year,credit_card,1
cust_0518,43,37,106.92596246510526,2957.961713034966,month_to_month,electronic_check,0
cust_0519,52,8,67.28919656331821,4226.930657085345,one_year,electronic_check,0
cust_0520,67,42,73.53581018426608,2790.004202264045,two_year,bank_transfer,0
cust_0521,42,49,37.84459652277721,1174.442413426991,two_year,electronic_check,0
cust_0522,41,28,51.227178604879605,264.97897324797634,month_to_month,credit_card,1
cust_0523,30,31,43.02461684278699,1151.677558968134,two_year,bank_transfer,1
cust_0524,77,58,40.61861645184264,2138.9949975483523,month_to_month,bank_transfer,0
cust_0525,75,9,83.79607933159701,3822.096000629003,one_year,credit_card,0
cust_0526,24,54,45.68838476457148,1020.4299774350932,one_year,bank_transfer,0
cust_0527,74,51,83.20154860204184,3626.978121437962,one_year,bank_transfer,1
cust_0528,53,29,25.84546141085539,4347.97399492423,two_year,bank_transfer,0
cust_0529,62,14,34.17743935271019,2324.3395557309495,month_to_month,bank_transfer,0
cust_0530,37,40,47.45402540001254,4125.016759048707,one_year,credit_card,0
cust_0531,18,41,79.70469168956917,2817.8210053719686,month_to_month,credit_card,0
cust_0532,25,22,87.5841245087376,3221.745101696434,one_year,bank_transfer,0
cust_0533,63,11,64.2716966779527,2678.764455657193,two_year,bank_transfer,0
cust_0534,33,23,64.5790914577229,2369.546312081575,two_year,credit_card,0
cust_0535,31,1,92.45168513986181,1249.8018647016618,month_to_month,credit_card,0
cust_0536,29,46,21.582109176558244,1585.6508913591256,two_year,credit_card,0
cust_0537,68,37,54.10900244742206,1520.8535828236843,two_year,bank_transfer,1
cust_0538,40,21,101.87070571192328,2860.1157616736923,month_to_month,bank_transfer,0
cust_0539,32,26,80.32194102133722,687.7730958170606,one_year,electronic_check,0
cust_0540,45,46,53.722713275542034,4592.2792844414425,two_year,credit_card,0
cust_0541,51,36,110.55247923296739,3631.210211887255,month_to_month,bank_transfer,0
cust_0542,19,54,97.26227274493826,2067.083591474649,two_year,credit_card,0
cust_0543,49,23,46.48954472367334,877.258308179252,two_year,bank_transfer,1
cust_0544,40,57,84.52898375257169,4421.761631636015,two_year,credit_card,0
cust_0545,39,1,79.57507281889566,4136.512641495709,two_year,bank_transfer,1
cust_0546,68,54,60.11879140389827,3636.435608314179,month_to_month,electronic_check,0
cust_0547,42,55,56.695607920480064,1430.5805323150876,month_to_month,electronic_check,0
cust_0548,75,51,54.35604747757039,2071.9885234249778,month_to_month,credit_card,0
cust_0549,79,40,81.71557833956469,603.4664370168745,two_year,bank_transfer,0
cust_0550,78,15,64.24099364806695,1026.2936711649054,two_year,bank_transfer,1
cust_0551,39,21,103.1863113251422,3936.781522851991,two_year,credit_card,1
cust_0552,75,47,86.96026161339618,3603.689722368351,month_to_month,bank_transfer,1
cust_0553,75,9,26.993160570943413,3008.08023858208,two_year,credit_card,1
cust_0554,39,53,84.01682238281661,4489.060957038247,one_year,bank_transfer,1
cust_0555,66,9,47.11474365001848,2958.0059372839223,two_year,credit_card,0
cust_0556,69,10,79.28119916534227,2388.1431998216926,one_year,bank_transfer,0
cust_0557,59,52,88.01319311034514,1767.8166568982372,two_year,credit_card,0
cust_0558,23,57,43.08291891540121,4708.197678107245,month_to_month,bank_transfer,0
cust_0559,32,53,65.68586448803687,505.30576146933214,two_year,electronic_check,1
cust_0560,71,26,39.03248628190678,4661.348123097961,one_year,bank_transfer,0
cust_0561,60,41,25.23388757865083,4150.90183366199,one_year,credit_card,0
cust_0562,77,35,57.84764234858691,736.6566302249363,two_year,electronic_check,0
cust_0563,54,52,56.2944271845992,2868.4233526087423,one_year,bank_transfer,0
cust_0564,50,25,119.5480490704257,4346.085110570526,one_year,electronic_check,0
cust_0565,25,26,64.63523511976422,2901.8649016750533,month_to_month,bank_transfer,0
cust_0566,70,11,53.35695494722004,4545.279125647049,two_year,electronic_check,0
cust_0567,77,38,78.04750067166746,4720.620702398608,two_year,credit_card,0
cust_0568,61,2,28.876739410776846,2169.684158703099,two_year,bank_transfer,0
cust_0569,61,7,116.16657359548132,1948.8369408909857,one_year,bank_transfer,0
cust_0570,22,18,83.49600455910331,4687.973654448869,two_year,credit_card,0
cust_0571,56,27,95.48378199408478,3408.1862996333734,two_year,electronic_check,0
cust_0572,21,34,37.04779381739176,668.5111386060295,month_to_month,credit_card,0
cust_0573,23,27,60.94778530052039,307.22957119113784,month_to_month,credit_card,0
cust_0574,62,17,62.26891133961895,2866.6823498865892,month_to_month,electronic_check,0
cust_0575,49,43,102.18064439010868,4657.837730648281,one_year,credit_card,0
cust_0576,69,59,20.123667975940943,4236.81864178851,two_year,bank_transfer,0
cust_0577,47,44,50.08531083532551,3411.6539576752484,month_to_month,bank_transfer,0
cust_0578,64,59,118.12363743443039,781.6676595663289,month_to_month,bank_transfer,0
cust_0579,52,51,67.48865435062186,1345.7337803686084,month_to_month,credit_card,1
cust_0580,72,54,58.25262802440083,4390.0050101078195,two_year,bank_transfer,0
cust_0581,57,24,31.982900201764636,995.7554596188122,two_year,bank_transfer,1
cust_0582,69,25,117.41646286280155,1464.3531004271294,two_year,bank_transfer,0
cust_0583,33,7,22.002635592582447,735.0431908576655,one_year,bank_transfer,0
cust_0584,30,52,93.71802250072432,3412.9303339306143,one_year,bank_transfer,0
cust_0585,67,6,96.85998047885084,4725.513296279727,month_to_month,bank_transfer,0
cust_0586,77,53,44.36567160638666,1417.9433548173913,two_year,credit_card,0
cust_0587,59,24,87.15584436130374,2429.492378465361,month_to_month,bank_transfer,0
cust_0588,47,33,29.292914437938993,3208.264724584901,two_year,bank_transfer,0
cust_0589,36,49,45.704726643207984,4997.384616256591,two_year,electronic_check,0
cust_0590,34,29,98.7901988292265,613.5595184881033,two_year,credit_card,0
cust_0591,73,43,106.46861920335402,2542.9969175779747,one_year,credit_card,0
cust_0592,36,22,80.84864126597913,1987.0885875222502,one_year,credit_card,0
cust_0593,45,26,70.68384318204826,4342.51880958954,two_year,credit_card,0
cust_0594,75,28,35.93040206189803,2432.241881957114,month_to_month,bank_transfer,1
cust_0595,72,50,26.310903307915016,643.7898704672257,two_year,bank_transfer,1
cust_0596,43,21,31.764902847355863,3208.6783119042598,two_year,electronic_check,1
cust_0597,54,49,42.73573000960988,3876.825029493011,month_to_month,electronic_check,0
cust_0598,43,7,54.16745018969208,114.11813316151151,two_year,credit_card,1
cust_0599,70,17,58.090952551098724,4308.887758561084,month_to_month,electronic_check,1
cust_0600,79,20,54.63217685890035,1011.5127000277615,one_year,electronic_check,0
cust_0601,40,41,43.90553321972656,2805.1398868015517,one_year,credit_card,0
cust_0602,26,49,70.97242467516982,2137.407753368506,month_to_month,credit_card,1
cust_0603,29,20,102.52861082328968,3626.303701391599,one_year,electronic_check,0
cust_0604,70,54,47.97035384714792,1918.691912450135,one_year,bank_transfer,0
cust_0605,18,22,114.23870191022331,4361.839565740383,month_to_month,electronic_check,0
cust_0606,75,28,107.33366617238478,3679.432168698072,one_year,electronic_check,0
cust_0607,75,40,36.17642113521096,3273.7945382083153,two_year,bank_transfer,1
cust_0608,18,49,98.62759567570944,4001.578918257986,two_year,bank_transfer,0
cust_0609,64,7,77.45873823177666,3794.712871149073,month_to_month,credit_card,0
cust_0610,51,1,76.65753621714185,276.09950711561135,one_year,credit_card,0
cust_0611,49,32,59.10427630581744,2034.1983338396578,two_year,electronic_check,0
cust_0612,79,13,70.11529991820098,4660.9557568508,two_year,bank_transfer,0
cust_0613,71,30,59.717877742921104,716.0489180619085,one_year,credit_card,0
cust_0614,65,23,73.97326187599428,3711.7730971170513,one_year,electronic_check,1
cust_0615,42,51,82.79500527726358,4875.499875543115,two_year,bank_transfer,0
cust_0616,57,59,87.43038064090484,355.77328232036103,two_year,electronic_check,0
cust_0617,62,56,73.24811925594261,3442.7500150703913,month_to_month,credit_card,0
cust_0618,70,19,92.14220673287318,2393.955292375049,month_to_month,credit_card,0
cust_0619,18,32,34.12780492755058,2937.9587513361384,two_year,bank_transfer,1
cust_0620,33,30,41.198249090223854,518.1725487731918,month_to_month,electronic_check,1
cust_0621,78,29,101.87350040742702,310.7340641480034,two_year,bank_transfer,1
cust_0622,56,49,52.252797784641515,3367.6466366995164,two_year,credit_card,0
cust_0623,22,45,22.289382497612024,4134.216206121518,month_to_month,credit_card,0
cust_0624,39,29,35.37911496680311,3931.87514117154,month_to_month,electronic_check,0
cust_0625,46,30,42.361443449631125,2764.6480665445633,one_year,electronic_check,0
cust_0626,72,16,115.73228878945872,589.347423567273,one_year,electronic_check,1
cust_0627,20,40,77.30414289308493,3471.4177747964677,one_year,bank_transfer,1
cust_0628,29,19,113.27307404762549,1285.255529415315,two_year,electronic_check,1
cust_0629,43,18,77.51633504966249,4564.23664356018,month_to_month,electronic_check,1
cust_0630,33,1,67.93544401378517,4207.500261773954,two_year,credit_card,1
cust_0631,68,14,51.372769119409604,3575.9765387282155,month_to_month,credit_card,0
cust_0632,54,51,80.63709444333756,4749.345183572539,two_year,electronic_check,0
cust_0633,39,47,33.91980246175299,253.96692540523736,one_year,electronic_check,0
cust_0634,74,50,109.82616272927059,3707.382082797734,one_year,credit_card,0
cust_0635,46,2,102.93324051412837,1718.1896187483862,one_year,electronic_check,0
cust_0636,31,54,51.753144787673705,4539.72283986319,two_year,bank_transfer,0
cust_0637,45,28,115.27975276012943,1406.7084636436903,month_to_month,bank_transfer,1
cust_0638,22,49,102.5200767415568,3651.7968466435836,month_to_month,bank_transfer,0
cust_0639,64,50,86.63068858350397,4400.470396288829,one_year,electronic_check,1
cust_0640,66,30,32.176191112527476,304.1184100751439,one_year,credit_card,1
cust_0641,47,38,67.82340230480723,2048.473140000977,one_year,electronic_check,0
cust_0642,63,51,70.61075548467508,3835.3142569074994,one_year,electronic_check,0
cust_0643,79,4,43.25513583653801,2329.1025585871766,month_to_month,credit_card,0
cust_0644,69,1,27.996539435930195,1409.537885988617,two_year,credit_card,1
cust_0645,22,8,97.67236304716927,1177.046209233631,two_year,credit_card,1
cust_0646,29,29,32.2035052124395,744.4395078902518,two_year,bank_transfer,1
cust_0647,33,55,79.42907505617747,4299.934843295783,two_year,electronic_check,0
cust_0648,43,39,113.64491738836605,2919.2414759326243,one_year,credit_card,0
cust_0649,43,3,107.61051925980425,474.2862304581343,one_year,electronic_check,0
cust_0650,65,32,47.775262374926115,1974.6435854961137,one_year,bank_transfer,1
cust_0651,38,10,105.14486375512654,1901.8948889450385,two_year,bank_transfer,0
cust_0652,56,10,20.033250612048942,990.5220344763686,one_year,credit_card,0
cust_0653,53,19,21.76878096132572,2233.9873648137345,one_year,credit_card,0
cust_0654,50,46,80.25531638428649,1727.2868904263687,month_to_month,electronic_check,0
cust_0655,79,34,56.47982191445295,1774.8381569116943,month_to_month,credit_card,0
cust_0656,47,33,58.64608411591471,3721.2301331609974,one_year,electronic_check,0
cust_0657,54,23,76.44410906788825,1193.9905889754618,month_to_month,credit_card,0
cust_0658,40,55,39.17824555918606,3245.1137983912413,month_to_month,electronic_check,0
cust_0659,75,28,41.17553506654784,2896.183157016581,one_year,electronic_check,1
cust_0660,27,32,68.46015870188647,2883.6533104555497,one_year,electronic_check,1
cust_0661,71,50,95.4253544343863,3348.735996094702,one_year,electronic_check,0
cust_0662,22,7,81.94977514075876,2787.0719773587043,one_year,bank_transfer,1
cust_0663,53,29,49.73550482368389,4408.350062747285,two_year,electronic_check,0
cust_0664,51,8,63.03371775089212,3410.342450556273,two_year,credit_card,0
cust_0665,69,1,37.066475854999844,2780.119931719802,one_year,bank_transfer,1
cust_0666,48,57,27.462981433708173,4165.8392894094595,month_to_month,bank_transfer,1
cust_0667,27,55,98.26960407441493,3070.118168174051,one_year,electronic_check,1
cust_0668,75,3,46.53874091881946,1526.606814147377,one_year,bank_transfer,0
cust_0669,36,24,37.776638785124824,1114.765099065199,month_to_month,electronic_check,0
cust_0670,75,23,89.16180555693194,846.406149747126,two_year,credit_card,1
cust_0671,49,59,81.8051674287186,4507.330541475898,one_year,electronic_check,0
cust_0672,18,8,83.31896260134641,3579.6636158105225,one_year,bank_transfer,0
cust_0673,73,54,42.88946048466136,4693.154347005172,two_year,credit_card,1
cust_0674,22,57,43.2645538562681,3056.1298480032206,two_year,electronic_check,1
cust_0675,62,47,42.080262978563916,2419.6643193250716,month_to_month,credit_card,1
cust_0676,21,37,37.37525956622945,392.6107959573577,two_year,credit_card,0
cust_0677,33,3,85.57236725616563,3391.047179575546,two_year,bank_transfer,1
cust_0678,41,51,104.80158852494014,2952.8229228643327,two_year,credit_card,0
cust_0679,33,33,92.43174696766613,4952.023578579345,month_to_month,bank_transfer,0
cust_0680,72,28,99.20936337605433,1271.8780111329909,two_year,credit_card,0
cust_0681,19,47,60.479842908519984,2700.613040905496,two_year,electronic_check,0
cust_0682,66,8,85.40757953719981,3289.690942078556,month_to_month,credit_card,0
cust_0683,45,34,55.42362404447745,3258.4967562374836,two_year,electronic_check,0
cust_0684,49,35,72.550462196864,2850.3383604471733,two_year,electronic_check,0
cust_0685,44,32,68.16348465348624,3906.947250603405,month_to_month,credit_card,0
cust_0686,37,24,37.68871451438544,1104.4079266814006,one_year,electronic_check,0
cust_0687,41,14,58.70787603356308,3655.5732813446375,month_to_month,credit_card,0
cust_0688,29,32,116.3822275482351,3136.699400022137,two_year,credit_card,0
cust_0689,67,56,44.858025771494205,4490.768047793409,two_year,electronic_check,1
cust_0690,52,46,33.38037362794887,4251.25275126455,two_year,electronic_check,1
cust_0691,77,43,61.85806216239353,1644.220491749511,month_to_month,bank_transfer,0
cust_0692,50,16,99.03377358601482,1453.5628923782501,two_year,electronic_check,1
cust_0693,50,4,78.21482297799723,4910.101286876995,two_year,bank_transfer,0
cust_0694,78,52,88.09748272382446,2683.599386484757,month_to_month,electronic_check,0
cust_0695,68,37,38.969484817467716,4541.462723180741,one_year,credit_card,1
cust_0696,60,54,81.89481930077216,903.0170165243627,one_year,electronic_check,0
cust_0697,54,21,52.35003949114738,3249.8126825208537,two_year,credit_card,1
cust_0698,29,14,103.43033659547675,4068.3149180668725,month_to_month,credit_card,0
cust_0699,20,31,82.92988060107362,4742.236722973589,two_year,credit_card,1
cust_0700,18,55,39.88562777752959,1752.966690983415,month_to_month,bank_transfer,0
cust_0701,50,48,26.461667984408614,3652.407732627857,month_to_month,electronic_check,0
cust_0702,57,18,24.263320928703273,2740.1837442941332,one_year,credit_card,0
cust_0703,27,7,57.14085676501407,397.08173772569415,one_year,credit_card,1
cust_0704,60,10,46.58511366543135,3480.9987128138227,month_to_month,bank_transfer,0
cust_0705,61,7,84.60901234625081,3481.473135365433,two_year,electronic_check,1
cust_0706,46,33,69.93338349786183,4659.973343748032,one_year,electronic_check,0
cust_0707,30,23,46.60192780053807,2536.830986227965,two_year,bank_transfer,0
cust_0708,29,21,34.923777795017614,1228.229511481522,one_year,bank_transfer,0
cust_0709,48,19,32.71997626874496,318.36273489852783,one_year,electronic_check,0
cust_0710,63,48,106.46603921404177,2136.646714760938,two_year,bank_transfer,1
cust_0711,19,19,44.34779684048672,1579.3918303797589,one_year,electronic_check,0
cust_0712,78,36,85.17106479109684,3829.33269951699,one_year,electronic_check,0
cust_0713,68,29,101.06859279862663,1835.9120477211284,two_year,credit_card,0
cust_0714,67,18,81.4081311184736,4750.448861942736,one_year,credit_card,0
cust_0715,52,2,105.95652316469457,4815.319994640143,one_year,electronic_check,1
cust_0716,40,1,59.23937215284745,3142.4520920667696,one_year,electronic_check,0
cust_0717,34,47,115.62221906489484,4650.435406372926,two_year,electronic_check,0
cust_0718,43,5,33.3145004178097,3828.1862881210286,month_to_month,electronic_check,1
cust_0719,25,20,30.21495296575381,2779.612240778118,two_year,electronic_check,1
cust_0720,46,11,85.86921462074436,983.5088835716128,month_to_month,electronic_check,0
cust_0721,43,42,114.28311414132618,2347.1299232178158,one_year,bank_transfer,0
cust_0722,27,2,100.8883461636328,2848.284870476826,month_to_month,electronic_check,0
cust_0723,43,3,27.641685943805143,4333.41174560155,two_year,bank_transfer,0
cust_0724,79,23,47.93677139347164,2458.533545024758,two_year,bank_transfer,1
cust_0725,51,55,113.03188848378237,4498.605896121988,one_year,electronic_check,0
cust_0726,68,12,45.305843280078456,3404.3099972149976,month_to_month,electronic_check,0
cust_0727,58,20,98.11704237869192,771.2954089629898,one_year,bank_transfer,0
cust_0728,24,5,102.51321959287039,4975.408709692955,one_year,bank_transfer,0
cust_0729,21,37,69.54521034609817,2683.4400376941717,two_year,electronic_check,0
cust_0730,75,38,58.63489098483155,2020.1056524044866,month_to_month,electronic_check,0
cust_0731,70,30,65.01244324197596,3329.65744590068,month_to_month,bank_transfer,0
cust_0732,67,9,42.69646943653642,633.5772385070915,month_to_month,bank_transfer,0
cust_0733,62,34,108.93909161288443,3219.0393690914366,month_to_month,bank_transfer,0
cust_0734,28,53,65.06196567297579,2541.3564024464376,one_year,credit_card,0
cust_0735,46,44,108.24594404560997,2092.702942993057,one_year,bank_transfer,0
cust_0736,73,35,30.56934799062741,4769.798103776606,two_year,credit_card,0
cust_0737,53,52,118.82752710001313,2660.444611987061,one_year,electronic_check,0
cust_0738,42,58,64.32730874436183,1173.6756494026984,one_year,electronic_check,0
cust_0739,38,22,24.783082039410548,2348.921048948763,two_year,bank_transfer,0
cust_0740,78,44,23.802184823745492,4604.998282406096,two_year,electronic_check,0
cust_0741,74,24,94.62072574818386,962.8678095199139,two_year,electronic_check,1
cust_0742,53,17,85.90355342036808,1148.3894895723608,one_year,electronic_check,1
cust_0743,27,10,100.21305581275875,163.84488200971037,one_year,electronic_check,1
cust_0744,54,30,30.536753395280595,169.53124203925918,two_year,credit_card,0
cust_0745,26,56,23.557086703554834,4164.018972096712,two_year,credit_card,1
cust_0746,41,59,70.85792894475784,3687.4007735304835,two_year,bank_transfer,0
cust_0747,52,46,58.759523148276955,1839.7011766145956,one_year,bank_transfer,0
cust_0748,66,23,66.19469366709558,3521.7246704151066,one_year,bank_transfer,0
cust_0749,52,32,119.1588408870274,2036.509038918854,month_to_month,electronic_check,1
cust_0750,65,17,117.07499576706702,4769.194300389355,one_year,electronic_check,0
cust_0751,53,50,114.23153896731928,4838.558138987571,one_year,credit_card,0
cust_0752,35,51,98.38426767676738,2024.6895014657825,one_year,credit_card,1
cust_0753,66,17,55.48413602568904,4285.687341070254,two_year,bank_transfer,1
cust_0754,56,14,61.21309302627716,3888.1363043175843,one_year,credit_card,0
cust_0755,49,9,74.96160437189245,1618.9996921417676,two_year,credit_card,0
cust_0756,41,40,103.05344564048399,1236.9951616154192,month_to_month,credit_card,0
cust_0757,40,2,26.871283251826775,2345.349786924886,month_to_month,credit_card,1
cust_0758,79,45,62.429688588488816,3928.6093190105908,two_year,credit_card,0
cust_0759,49,25,28.26176634592687,4804.822145170852,two_year,bank_transfer,0
cust_0760,54,39,71.46575865735116,3841.537437446206,two_year,bank_transfer,1
cust_0761,29,9,109.89008240062354,4290.514226590013,one_year,credit_card,0
cust_0762,66,54,98.24849245639379,3055.015100235531,month_to_month,bank_transfer,0
cust_0763,72,22,42.784241754311,4193.498371126417,two_year,electronic_check,0
cust_0764,30,43,117.59908495987925,3943.6622042167464,one_year,credit_card,0
cust_0765,40,46,86.73503980464284,1947.2291554387725,month_to_month,electronic_check,0
cust_0766,42,4,21.042769939740307,2804.7524803915335,one_year,bank_transfer,0
cust_0767,52,26,45.54134846852195,4043.2902977495046,month_to_month,bank_transfer,0
cust_0768,58,58,46.071329991991654,325.67799753078623,one_year,electronic_check,0
cust_0769,47,29,26.925430628585993,4059.588483543567,month_to_month,bank_transfer,0
cust_0770,34,45,115.9826518075929,971.6518078402148,month_to_month,credit_card,1
cust_0771,66,34,67.82552945759238,2621.9497238950507,one_year,electronic_check,1
cust_0772,79,23,109.5814597371882,4060.549653824094,two_year,credit_card,0
cust_0773,37,37,52.221550344462834,1343.7232829678048,month_to_month,electronic_check,0
cust_0774,65,11,32.523357043282715,1304.4564526001498,two_year,bank_transfer,0
cust_0775,42,6,67.43361099062139,2073.5455524650342,one_year,electronic_check,1
cust_0776,39,18,31.395663471431718,4483.749708130409,two_year,electronic_check,0
cust_0777,30,21,68.60155029775399,102.16962904231863,two_year,credit_card,1
cust_0778,76,42,112.02971812194077,4516.777173545482,two_year,bank_transfer,0
cust_0779,36,36,72.07681418342128,853.6544207438782,two_year,credit_card,1
cust_0780,66,41,81.64997268950835,4951.423242730662,two_year,bank_transfer,1
cust_0781,53,38,35.66384369738083,4778.750265888493,month_to_month,credit_card,1
cust_0782,29,34,24.37356258799695,2523.9084289972884,month_to_month,electronic_check,0
cust_0783,78,17,31.080796217980705,2612.3292142818777,month_to_month,credit_card,0
cust_0784,58,37,79.85315756843657,2459.591767351686,one_year,bank_transfer,0
cust_0785,36,25,29.501169899230465,3213.6738637316607,two_year,bank_transfer,0
cust_0786,29,38,57.59928899413114,544.5363409511621,month_to_month,electronic_check,0
cust_0787,26,58,75.0091940458156,259.8279468736759,one_year,bank_transfer,0
cust_0788,24,12,58.8652798629847,382.74434923790443,month_to_month,credit_card,0
cust_0789,45,23,36.36838014653015,2277.3902112834203,month_to_month,electronic_check,0
cust_0790,31,53,47.37913075141065,1450.1849021754686,two_year,bank_transfer,0
cust_0791,48,42,112.8317532848577,3147.9938556178695,one_year,bank_transfer,0
cust_0792,69,22,87.59822755863554,4962.967217936417,two_year,credit_card,1
cust_0793,36,21,69.60478386798866,1992.9835480746829,two_year,credit_card,0
cust_0794,75,27,21.271488998689353,2911.8221451121153,month_to_month,electronic_check,0
cust_0795,64,57,119.24154004894702,2136.459089945944,two_year,bank_transfer,0
cust_0796,33,31,87.14549348946433,4251.631171837111,one_year,credit_card,1
cust_0797,70,6,51.692247734494494,4520.958376964967,two_year,electronic_check,0
cust_0798,22,27,107.92686599978381,4399.042499805774,two_year,bank_transfer,0
cust_0799,52,40,45.84316202918181,4874.423969528362,two_year,bank_transfer,0
cust_0800,29,34,74.40165791827516,234.84400718803494,month_to_month,electronic_check,0
cust_0801,42,12,83.6070763729825,4215.099194513102,one_year,electronic_check,0
cust_0802,69,45,42.10633714537285,3783.683647891557,month_to_month,credit_card,1
cust_0803,76,57,117.83972788005958,1220.6026060617874,month_to_month,bank_transfer,1
cust_0804,38,53,94.81919059789975,4785.968457598885,month_to_month,bank_transfer,0
cust_0805,53,7,75.781322551107,826.0718483267328,month_to_month,bank_transfer,0
cust_0806,70,10,38.05945981753009,3429.794642956151,month_to_month,electronic_check,0
cust_0807,40,45,25.38582069980261,1201.962062397971,one_year,credit_card,0
cust_0808,33,17,52.005983252098346,2213.765178992966,two_year,bank_transfer,0
cust_0809,74,26,95.31873359134028,3623.8834950283876,month_to_month,electronic_check,0
cust_0810,56,21,46.9331298302025,2860.2907459619287,month_to_month,bank_transfer,1
cust_0811,62,28,73.95562204955051,2194.758973507747,one_year,credit_card,1
cust_0812,70,58,92.79471767307432,1699.0583115667373,one_year,bank_transfer,0
cust_0813,59,46,30.794371464646435,4214.3323129730725,two_year,credit_card,0
cust_0814,75,2,88.52980161158733,804.6903165425872,one_year,credit_card,0
cust_0815,56,54,29.18708877100447,2207.5040949960203,two_year,bank_transfer,0
cust_0816,31,43,116.51297421269966,4528.412101698196,month_to_month,bank_transfer,0
cust_0817,48,1,68.83941300649396,4244.662797253842,month_to_month,credit_card,0
cust_0818,75,51,35.06761077098774,2064.614636117929,two_year,electronic_check,1
cust_0819,22,53,54.23836360335465,3839.230981646411,one_year,credit_card,1
cust_0820,52,36,61.34164492952615,4133.4880704734105,two_year,bank_transfer,0
cust_0821,40,51,95.81850110765373,4455.548377617786,one_year,bank_transfer,0
cust_0822,46,26,94.34237860766093,2768.078268341217,month_to_month,electronic_check,0
cust_0823,60,29,81.1940505337331,1101.8583416680879,one_year,credit_card,0
cust_0824,28,21,30.593071255849296,1351.014474869265,two_year,credit_card,0
cust_0825,35,11,35.156937158767356,1548.9039028038605,two_year,credit_card,0
cust_0826,64,40,29.375692064555665,3009.632155967116,month_to_month,bank_transfer,0
cust_0827,29,11,77.717278328755,260.76715823018134,one_year,credit_card,0
cust_0828,26,36,107.71384415114039,3216.6080970218445,one_year,electronic_check,1
cust_0829,27,49,63.38005122547718,1885.335768298337,one_year,bank_transfer,0
cust_0830,75,59,36.08481739577462,1546.6848321992466,month_to_month,bank_transfer,0
cust_0831,61,39,75.8042325148967,4409.533196567819,one_year,credit_card,0
cust_0832,34,40,101.17522168657099,2354.0117383459146,two_year,electronic_check,0
cust_0833,78,35,94.171206151293,565.7599231101947,one_year,bank_transfer,0
cust_0834,55,54,108.14507796750213,4151.05916332861,month_to_month,bank_transfer,1
cust_0835,24,34,47.790209724886786,333.44216143888235,one_year,credit_card,1
cust_0836,63,55,39.39538672677749,3661.0711984241634,one_year,credit_card,0
cust_0837,30,47,107.98164859419387,3892.140486676259,two_year,electronic_check,0
cust_0838,57,24,85.75603127780231,1827.752769051405,one_year,credit_card,0
cust_0839,59,54,51.09289300075542,4141.460495761155,two_year,electronic_check,0
cust_0840,26,22,94.23480505725092,2626.7310886966216,two_year,bank_transfer,1
cust_0841,67,5,101.51183844803678,2370.1389010367043,month_to_month,electronic_check,0
cust_0842,44,56,81.49782403411324,322.4760791965935,two_year,electronic_check,0
cust_0843,75,33,88.78841098799151,1521.1430488796389,two_year,electronic_check,0
cust_0844,19,58,57.52599044426663,4661.9488573379695,month_to_month,bank_transfer,0
cust_0845,22,36,73.8695667343039,2019.93742008915,two_year,credit_card,1
cust_0846,46,47,72.41591707261622,2778.8325507281647,month_to_month,bank_transfer,0
cust_0847,54,20,104.80477911307719,2706.9062270228337,one_year,credit_card,1
cust_0848,55,19,103.99639802821825,2993.1123401311975,month_to_month,electronic_check,0
cust_0849,36,35,103.26804693470432,400.5216826520848,two_year,electronic_check,1
cust_0850,25,52,21.10316142624658,1874.6636485137685,month_to_month,electronic_check,0
cust_0851,65,43,94.95454844688882,3643.3285420245156,two_year,electronic_check,0
cust_0852,62,17,95.86763901110048,1082.7452302576164,one_year,electronic_check,1
cust_0853,18,59,87.83788228551418,1097.5340499771662,month_to_month,credit_card,0
cust_0854,39,45,95.62646578914526,149.44397277622116,one_year,credit_card,0
cust_0855,69,43,104.19703714967088,2243.6614403802278,two_year,electronic_check,0
cust_0856,34,34,67.03190541017857,4425.398465299768,two_year,bank_transfer,1
cust_0857,24,9,70.20502134884471,354.31462357781413,one_year,bank_transfer,0
cust_0858,42,26,32.47140569113905,1036.4816765304129,month_to_month,electronic_check,1
cust_0859,62,2,58.53758830473618,1619.4142378794998,month_to_month,credit_card,0
cust_0860,21,53,84.33651799117843,3685.451209164643,two_year,bank_transfer,0
cust_0861,53,9,98.03997761472745,3239.114404732674,one_year,bank_transfer,1
cust_0862,23,9,41.72090976912106,2138.1251324510895,one_year,bank_transfer,0
cust_0863,77,40,33.78228991592354,3819.437802366041,month_to_month,electronic_check,1
cust_0864,48,17,86.30420045004922,3087.1919571188196,month_to_month,bank_transfer,1
cust_0865,36,1,20.187988352491065,4490.599918320373,month_to_month,bank_transfer,0
cust_0866,78,25,37.83725843073298,4108.331070779595,one_year,bank_transfer,0
cust_0867,61,43,22.907138034395373,1338.7866698370829,month_to_month,bank_transfer,0
cust_0868,71,40,36.688511785487094,1430.049030407581,month_to_month,credit_card,1
cust_0869,56,42,38.13192799255052,714.2467313826895,two_year,electronic_check,1
cust_0870,44,25,58.76735947503942,1751.127156015537,month_to_month,electronic_check,0
cust_0871,27,39,60.2327124686556,4997.765201723562,month_to_month,credit_card,0
cust_0872,43,35,107.42624706102377,2088.180726213799,one_year,credit_card,0
cust_0873,36,3,71.01097124988252,1180.3933299766213,one_year,electronic_check,1
cust_0874,56,50,92.34047656122863,3836.16613393021,two_year,bank_transfer,0
cust_0875,79,37,30.413735792028746,2758.1079169670147,month_to_month,bank_transfer,0
cust_0876,20,44,42.543875546369385,833.0471026820675,two_year,electronic_check,0
cust_0877,62,44,90.29434409786768,1965.3794376882422,one_year,bank_transfer,1
cust_0878,30,51,25.280396046852808,2130.9016061427824,two_year,credit_card,0
cust_0879,67,30,68.65976622437532,3793.765532789171,one_year,bank_transfer,0
cust_0880,45,38,79.93689656629338,201.28970757033187,two_year,bank_transfer,0
cust_0881,79,34,80.21456440524811,1418.1962693117214,two_year,bank_transfer,0
cust_0882,75,12,22.293281126804203,2636.221876446058,month_to_month,electronic_check,1
cust_0883,37,19,52.21080042291855,1417.3490380189323,two_year,credit_card,1
cust_0884,45,37,83.64906510491541,3179.3268323530947,month_to_month,bank_transfer,0
cust_0885,25,44,34.89997361492434,2461.1506484456213,month_to_month,electronic_check,0
cust_0886,78,59,89.54156483280532,1872.3802488119452,month_to_month,bank_transfer,0
cust_0887,58,59,94.59252088136745,4751.12227166551,month_to_month,credit_card,0
cust_0888,56,49,118.19691904461453,3197.5815460136414,two_year,bank_transfer,1
cust_0889,18,17,40.98419948564094,736.712724112912,one_year,credit_card,0
cust_0890,20,10,102.51306676661152,2844.449317472638,one_year,bank_transfer,0
cust_0891,30,57,72.02965769186541,3925.586080684415,one_year,credit_card,0
cust_0892,45,55,57.34625961441734,3571.599517714707,two_year,bank_transfer,0
cust_0893,79,49,32.23767573251779,943.237223546771,month_to_month,credit_card,0
cust_0894,74,47,93.55056064875376,4864.8579952965065,one_year,bank_transfer,0
cust_0895,77,12,43.58575991436871,2299.186864158369,two_year,bank_transfer,0
cust_0896,66,16,57.142200187304574,879.2225183272803,month_to_month,electronic_check,1
cust_0897,42,24,26.254222689736842,982.9591952279249,one_year,electronic_check,0
cust_0898,73,19,100.13669158195191,581.3514617264944,month_to_month,credit_card,0
cust_0899,50,8,96.65885239716434,4037.2387313311783,one_year,bank_transfer,1
cust_0900,55,31,93.36158300423125,697.9494221770584,one_year,credit_card,0
cust_0901,70,21,49.94435104918867,713.11375999456,one_year,electronic_check,1
cust_0902,23,17,37.34800742659572,4267.310912328105,month_to_month,credit_card,0
cust_0903,75,23,83.75532644702298,1788.5600137930421,two_year,credit_card,0
cust_0904,61,37,69.61663841132194,251.203731109555,month_to_month,electronic_check,0
cust_0905,62,54,37.825246690464155,354.2869676402133,one_year,bank_transfer,0
cust_0906,49,16,88.59112710498637,796.6351888490882,month_to_month,credit_card,0
cust_0907,62,6,119.11264318213037,1145.6274050808788,two_year,electronic_check,1
cust_0908,78,8,94.72195877420377,3359.2163517681865,month_to_month,bank_transfer,0
cust_0909,64,25,93.99863866856118,870.8987720089584,two_year,electronic_check,0
cust_0910,38,18,115.03127529305917,682.4845167676527,two_year,credit_card,0
cust_0911,33,25,40.29363675749022,3847.123793233768,month_to_month,bank_transfer,0
cust_0912,71,12,76.55499649214404,3388.1708909135805,one_year,bank_transfer,0
cust_0913,38,15,117.96467150338835,2233.0886851306573,two_year,electronic_check,0
cust_0914,28,59,36.52941109701745,2791.6178802525096,month_to_month,electronic_check,1
cust_0915,77,26,90.02519594445211,1628.7216995994506,two_year,electronic_check,1
cust_0916,54,41,78.58101459719019,2464.252059153267,one_year,bank_transfer,0
cust_0917,53,45,78.6479092188707,2582.695980015454,month_to_month,bank_transfer,0
cust_0918,52,26,89.76706275200752,1997.46262877267,month_to_month,credit_card,1
cust_0919,36,47,112.96169228756843,4542.203832293598,month_to_month,bank_transfer,1
cust_0920,37,32,98.2581939851338,178.70313840693012,one_year,credit_card,0
cust_0921,74,10,25.613610341621,3932.639189147106,two_year,electronic_check,1
cust_0922,35,16,105.27280198757113,709.4758730824892,month_to_month,electronic_check,0
cust_0923,64,7,42.55413299257326,4007.982066632277,two_year,bank_transfer,1
cust_0924,58,17,57.6914164736372,3117.968386815934,two_year,electronic_check,0
cust_0925,66,23,66.17328136123821,4232.062645588372,one_year,electronic_check,0
cust_0926,31,26,68.09060007530697,577.8201956403975,month_to_month,bank_transfer,1
cust_0927,32,21,63.51803992553568,2839.005107088893,two_year,credit_card,0
cust_0928,48,22,113.73532942158644,2555.3306132847656,month_to_month,bank_transfer,0
cust_0929,18,58,90.60190076640247,3560.3465965204573,month_to_month,credit_card,0
cust_0930,70,7,83.11706459567064,2718.0237042790113,one_year,bank_transfer,1
cust_0931,71,14,24.984202778294154,2749.5993789522104,month_to_month,bank_transfer,1
cust_0932,71,15,110.39133302603747,2205.020123522717,month_to_month,electronic_check,1
cust_0933,20,53,110.93901920083962,1613.28867763597,two_year,bank_transfer,0
cust_0934,33,7,98.02130634301024,2463.0953701357416,one_year,bank_transfer,1
cust_0935,40,9,20.702920381361917,680.6125579651629,month_to_month,credit_card,0
cust_0936,74,51,25.728025107762335,4811.415361017115,two_year,electronic_check,0
cust_0937,28,48,42.52237022684898,3600.6127417703315,one_year,credit_card,1
cust_0938,29,8,33.13494081449067,4767.088871770449,one_year,credit_card,0
cust_0939,27,50,59.88360297037295,1210.96417341682,two_year,electronic_check,0
cust_0940,49,59,112.26230580877896,4408.770998864988,two_year,electronic_check,0
cust_0941,33,23,67.20604341969982,4063.0709243613383,two_year,electronic_check,0
cust_0942,25,29,21.340262643216562,3418.046821042601,two_year,bank_transfer,1
cust_0943,55,18,48.2745689578762,3162.643011817508,two_year,electronic_check,0
cust_0944,29,31,24.459490837296155,1651.093359812563,month_to_month,electronic_check,1
cust_0945,41,30,23.628762261350214,4100.412846328651,month_to_month,electronic_check,0
cust_0946,45,52,47.571985309555224,2557.425761250696,one_year,credit_card,0
cust_0947,70,39,47.56123386789454,447.3687218672983,month_to_month,credit_card,0
cust_0948,25,35,98.7126602601604,1633.029488190137,month_to_month,bank_transfer,1
cust_0949,75,18,117.4834652781112,4682.955782872105,month_to_month,credit_card,0
cust_0950,45,59,57.12070938899983,4268.333276963746,two_year,bank_transfer,1
cust_0951,53,42,62.88868788610386,4911.337920575042,one_year,credit_card,0
cust_0952,43,39,104.47894362860214,3177.1675747600807,one_year,electronic_check,0
cust_0953,25,17,46.81390200955134,1312.7993583880186,one_year,credit_card,0
cust_0954,75,14,35.6381804403448,897.7937434166325,one_year,bank_transfer,1
cust_0955,77,31,105.30896234036504,1015.880758981462,month_to_month,credit_card,1
cust_0956,67,24,24.65005864400655,196.9987259015465,month_to_month,electronic_check,0
cust_0957,45,35,81.96994401994156,2014.342343831102,two_year,bank_transfer,0
cust_0958,45,44,76.19928474668068,1037.9956344477582,one_year,electronic_check,0
cust_0959,54,45,54.59204475016943,2117.1117562378417,month_to_month,electronic_check,1
cust_0960,58,34,51.5189521097359,4681.47271600995,month_to_month,bank_transfer,0
cust_0961,53,3,97.18577261816213,2209.647026585231,two_year,electronic_check,1
cust_0962,44,37,28.642461076254648,4402.124035225691,two_year,electronic_check,1
cust_0963,71,43,43.678430931138536,3066.973356417795,two_year,credit_card,0
cust_0964,34,40,93.24487318380898,1310.9446178408205,month_to_month,electronic_check,1
cust_0965,26,26,74.83205837264242,1843.688320370136,month_to_month,electronic_check,0
cust_0966,50,55,32.79882085335864,511.20572552500414,two_year,electronic_check,0
cust_0967,70,23,108.213561428206,1733.9667086204513,one_year,electronic_check,0
cust_0968,37,44,59.34478465635915,3419.950632967317,two_year,bank_transfer,0
cust_0969,30,39,102.78683753221728,453.3443553542324,two_year,credit_card,1
cust_0970,45,15,98.77130155277086,1106.4669015423437,two_year,electronic_check,0
cust_0971,65,56,82.44254464717281,1969.0611029252261,two_year,electronic_check,0
cust_0972,46,49,69.4481131295093,4912.042731378217,month_to_month,bank_transfer,0
cust_0973,30,4,117.95508403817568,3945.8229324985127,one_year,electronic_check,0
cust_0974,63,29,34.4965072379817,3694.085057811309,two_year,bank_transfer,0
cust_0975,52,22,92.51557275511148,669.3356869746852,one_year,credit_card,0
cust_0976,78,25,39.1190701464789,3926.879878713458,one_year,credit_card,0
cust_0977,23,13,53.82631053323484,3947.8171764284743,one_year,electronic_check,1
cust_0978,35,18,50.86987433731952,3045.4032085592085,two_year,electronic_check,1
cust_0979,68,33,114.7035987738723,4952.772731792023,month_to_month,electronic_check,0
cust_0980,22,16,116.73561777882752,1693.7441390303045,two_year,bank_transfer,1
cust_0981,64,45,38.30154442347271,4712.234996385073,one_year,electronic_check,0
cust_0982,42,42,22.203516029750418,4582.1824632868675,one_year,electronic_check,0
cust_0983,19,44,92.00080396631131,156.25523277195143,month_to_month,credit_card,0
cust_0984,27,2,61.798993387048434,2305.570979726574,two_year,electronic_check,0
cust_0985,73,55,28.88402450875644,4887.81074195271,one_year,credit_card,0
cust_0986,47,35,88.37541055770426,605.2946757995713,month_to_month,electronic_check,1
cust_0987,67,42,74.51055282606997,2784.1450024782653,one_year,credit_card,0
cust_0988,76,34,118.0516822001106,4896.89178450141,month_to_month,electronic_check,1
cust_0989,62,30,42.740949586137894,2821.927578118715,month_to_month,credit_card,0
cust_0990,22,59,60.397787632654826,1030.0949845635644,two_year,bank_transfer,1
cust_0991,72,55,74.25458033954229,2952.69782745369,one_year,credit_card,0
cust_0992,73,13,99.16999884533517,1101.7588123527796,two_year,credit_card,0
cust_0993,50,13,74.88386567200587,2646.550888182973,one_year,credit_card,0
cust_0994,71,18,81.29001608619492,462.80686777050516,two_year,electronic_check,0
cust_0995,18,32,42.61470515899408,3066.865079150583,one_year,electronic_check,0
cust_0996,35,32,104.69187280885599,2632.270701727975,two_year,electronic_check,1
cust_0997,49,35,62.86305469704757,3726.790706931169,month_to_month,bank_transfer,0
cust_0998,64,59,34.09596275217693,3190.4323086780464,one_year,bank_transfer,1
cust_0999,66,39,86.41879145054173,2793.0707158007076,one_year,credit_card,0
